title,page
Eutaw Springs,3
"Epitaph - From ""The Fading Rose""",3
"Song of Thyrsis - In ""Female Frailty""",3
The Wild Honeysuckle,4
The Indian Burying-Ground,4
"Death's Epitaph - From ""The House of Night""",5
The Parting Glass,5
On the Ruins of a Country Inn,5
On a Travelling Speculator,6
The Scurrilous Scribe,6
To a Caty-Did,7
To a Honey Bee,7
Plato to Theon,8
The Yankee Man-of-War,8
The Smooth Divine,9
Love to the Church,10
Days of my Youth,10
Darby and Joan,11
The Fisherman's Hymn,12
The Blue-Bird,12
To Sally,13
The Lip and the Heart,13
Hail Columbia,14
Song,14
Sleighing Song,15
A Visit from St. Nicholas,15
The Star-Spangled Banner,16
The Old Man's Carousal,17
America to Great Britain,18
Rosalie,18
On the Late S. T. Coleridge,18
The Latter Day,19
In Sorrow,19
Exhortation,19
The Bucket,20
Loves she like me?,20
The Little Beach-Bird,21
Immortality,21
The Chanting Cherubs - A Group by Greenough,22
The Moss supplicateth for the Poet,22
Alice Ray,23
The Watcher,24
"The Demon-Lover - From ""Hadad""",24
Stanzas,27
A Farewell to America,27
To the Mocking-Bird,27
On Snow-Flakes melting on his Lady's Breast,28
On the Death of my Son Charles,28
Private Devotion,28
Hymn for the Dedication of a Church,29
Rocked in the Cradle of the Deep,29
The Scout's Defiance,29
A Name in the Sand,30
My Brigantine,30
The Fugitive Slave's Apostrophe to the North Star,33
Warren's Address to the American Soldiers,34
The Ballot,34
The Exile at Rest,34
The Pilgrim Fathers,35
My Child,35
Marco Bozzaris,36
On the Death of Joseph Rodman Drake,37
Alnwick Castle,37
Burns,39
Red Jacket,40
"From ""The Culprit Fay"": The Fay's Sentence",42
"From ""The Culprit Fay"": The First Quest",43
"From ""The Culprit Fay"": The Second Quest",44
"From ""The Culprit Fay"": Elfin Song",45
The American Flag,46
"""The Croakers"": The National Paintings - Colonel Trumbull's ""The Declaration of Independence""",46
"""The Croakers"": The Man who frets at Worldly Strife",47
"""The Croakers"": Ode to Fortune",47
Columbus,47
The Indian's Welcome to the Pilgrim Fathers,48
The Return of Napoleon from St. Helena,48
"From ""Curiosity"": The News",50
"From ""Curiosity"": Fiction",50
The Winged Worshippers,51
The Brothers,51
Men of the North,52
Music of the Night,52
Thanatopsis,53
To a Waterfowl,54
"""O Fairest of the Rural Maids""",54
A Forest Hymn,55
June,56
The Death of the Flowers,57
The Past,57
The Evening Wind,58
To the Fringed Gentian,59
The Hunter of the Prairies,59
The Battle-Field,60
"From ""An Evening Revery""",60
The Antiquity of Freedom,61
America,62
The Planting of the Apple-Tree,62
"""The May Sun sheds an Amber Light""",63
The Conqueror's Grave,63
The Poet,64
My Autumn Walk,65
The Death of Slavery,66
In Memory of John Lothrop Motley,67
The Flood of Years,67
Elegiac,70
The Coral Grove,70
New England,70
"From ""Zophiel"": Palace of the Gnomes",71
"From ""Zophiel"": The Respite",72
Song of Egla,73
Farewell to Cuba,73
I would not live Alway,74
Heaven's Magnificence,75
"Mr. Merry's Lament for ""Long Tom""",75
The Deep,75
Epithalamium,76
Evening,76
Robin Redbreast,76
Lament of Anastasius,76
Channing,77
Emerson,77
Margaret Fuller,78
Thoreau,78
Hawthorne,78
Bartol,78
Wendell Phillips,79
Garrison,79
The Eclipse of Faith,79
The Baron's Last Banquet,80
A Health,81
Song,81
A Serenade,82
Votive Song,82
"Woodman, spare that Tree!",82
We were Boys together,82
Near the Lake,83
My Mother's Bible,83
Where Hudson's Wave,83
Jeannie Marsh,84
Memories,84
New England,84
"Home, Sweet Home!",85
Exhortation to Prayer,85
Forgiveness of Sins a Joy unknown to Angels,86
The Crossed Swords,86
Lake Superior,87
The Hour of Peaceful Rest,87
Song of the Elfin Steersman,88
The Daughter of Mendoza,88
The Green Isle of Lovers,89
"""The Lonely Bugle grieves""",89
The World I am passing through,89
Evening Hymn,90
Each and All,90
The Problem,91
The Rhodora,92
The Humble-Bee,92
The Snow-Storm,93
Forerunners,93
Brahma,93
Forbearance,94
Character,94
Merlin,94
"From ""Woodnotes"": ""The Heart of all the Scene""",95
"From ""Woodnotes"": ""The Undersong""",95
"From ""Woodnotes"": ""The Mighty Heart""",96
Days,96
The Earth,97
Waves,97
Terminus,97
Threnody,97
Concord Hymn,100
Ode,100
The Test,101
Sonnets (from the series relating to Edgar Allan Poe),101
Liberty for All,102
Freedom for the Mind,102
Parrhasius,102
Unseen Spirits,105
The Torn Hat,105
To Giulia Grisi,106
The Swamp Fox,106
The Lost Pleiad,107
The Decay of a People,107
Song in March,107
Old,108
Sparkling and Bright,110
Monterey,110
The Mint Julep,111
Hymn to the Night,111
A Psalm of Life,112
The Skeleton in Armor,112
The Village Blacksmith,114
Endymion,114
"Serenade from ""The Spanish Student""",115
The Arrow and the Song,115
Dante,115
Curfew,116
"From ""Evangeline"": Evangeline in Acadie",116
"From ""Evangeline"": On the Atchafalaya",117
"From ""Evangeline"": The Finding of Gabriel",118
"From ""The Building of the Ship"": The Republic",119
"From ""The Song of Hiawatha"": The Death of Minnehaha",119
The Warden of the Cinque Ports,120
My Lost Youth,121
The Children's Hour,122
The Cumberland,123
The Bells of Lynn,123
Chaucer,124
Milton,124
Nature,124
Wapentake - To Alfred Tennyson,124
A Ballad of the French Fleet,125
Jugurtha,125
"The Tide rises, the Tide falls",125
My Books,126
"From ""The Sinless Child""",126
The Drowned Mariner,127
Proem,128
The Farewell,128
Ichabod,129
Astraea,130
The Barefoot Boy,130
Maud Muller,131
Skipper Ireson's Ride,133
The Swan Song of Parson Avery,134
The Vanishers,135
The Eternal Goodness,135
"From ""Snow-Bound"": The World Transformed",137
"From ""Snow-Bound"": Firelight",137
"From ""Snow-Bound"": Mother",137
"From ""Snow-Bound"": Sister",138
"From ""Snow-Bound"": Prophetess",138
In School-Days,139
The Two Angels,139
Centennial Hymn,140
"In the ""Old South""",140
Mulford,141
An Autograph,141
The Cardinal Bird,142
Autumn in the West,143
To Helen,144
The Raven,144
The Sleeper,146
Lenore,147
To One in Paradise,147
The City in the Sea,147
Israfel,148
The Haunted Palace,149
The Conqueror Worm,149
The Bells,150
Annabel Lee,151
Ulalume,151
America,153
Faith,153
Old Ironsides,153
The Last Leaf,154
The Height of the Ridiculous,154
La Grisette,155
On Lending a Punch-Bowl,155
After a Lecture on Keats,156
The Voiceless,157
The Living Temple,157
The Chambered Nautilus,158
Bill and Joe,158
Under the Violets,159
Hymn of Trust,159
Epilogue to the Breakfast-Table Series,159
Dorothy Q.,160
Cacoethes Scribendi,161
The Strong Heroic Line,161
"From ""The Iron Gate""",162
Lament of a Mocking-Bird,163
To the Mocking-Bird,163
The Widowed Heart,164
Dixie,165
The Higher Good,166
Jesus,166
To the Boy who goes Singing,167
The Quakeress Bride,167
The Blind Psalmist,168
A Dream,168
Moonlight in Italy,169
To Sleep,169
A Dancing Girl,169
On Sivori's Violin,170
Calumny,170
Song,170
On a Dead Poet,170
The Settler,171
The Loon,171
The Bobolinks,172
Stanza from an early Poem,173
The Pines and the Sea,173
The Idler,173
The New World,174
The Old Road,174
Yourself,174
The Dead,174
The Gifts of God,175
The Fringilla Melodia,175
The Funeral of Time,176
A Life on the Ocean Wave,177
The Heart's Summer,177
"The Brave Old Ship, the Orient",178
The After-Comers,180
"From an ""Ode for Decoration Day""",180
Rinaldo,181
With Wordsworth at Rydal,181
Common Sense,182
Inspiration,182
The Fisher's Boy,182
Smoke,183
Mist,183
Watching,183
My Bird,184
Iona - A Memorial of St. Columba,184
"From ""A Poet's Hope""",185
Hymn of the Earth,186
The Barren Moors,186
Tears in Spring - Lament for Thoreau,187
Edith,187
The Sunflower to the Sun,188
Harold the Valiant,188
Requiem,189
New England's Dead,190
Washington's Statue,190
The Star of Calvary,191
The Clouds,192
A World Beyond,192
It is not Death to die,192
Paraphrase of Luther's Hymn,192
Dies Irae,193
Milton's Prayer of Patience,193
The Angels' Song,194
The Other World,194
Love Unchangeable,195
Love Unsought,195
Come Back,196
Song,196
A Remembrance,197
A Death-Bed,197
Dirge,197
Florence Vane,197
The Wife,198
Blind Louise,198
Under the Violets,198
The Voice of the Grass,199
A Winter Wish,199
A Proem,200
Horace,200
Chez Brebant,201
The Poet,201
"From ""Rhoecus""",202
A Stanza on Freedom,203
Hebe,204
She came and went,204
"From ""The Vision of Sir Launfal""",204
"From ""A Fable for Critics"": To his Countrymen",205
"From ""A Fable for Critics"": On Himself",205
"From ""The Biglow Papers"": What Mr. Robinson thinks",205
"From ""The Biglow Papers"": The Candidate's Letter",206
"From ""The Biglow Papers"": The Courtin'",207
"From ""The Biglow Papers"": Mr. Hosea Biglow to the Editor of ""The Atlantic Monthly""",209
"Ode Recited at the Harvard Commemoration - July 21, 1865",209
The First Snow-Fall,215
International Copyright,215
In a Copy of Omar Khayyam,215
Auf Wiedersehen - Summer,216
Palinode - Autumn,216
After the Burial,216
In the Twilight,217
An Autograph,218
Cleopatra,218
Io Victis,219
Praxiteles and Phryne,220
Battle-Hymn of the Republic,220
Our Orders,221
Beginners,221
Still though the One I sing,221
"From ""The Song of Myself"": Myself",221
"From ""The Song of Myself"": Leaves of Grass",222
"From ""The Song of Myself"": Heroes",223
"From ""The Song of Myself"": Infinity",224
Give me the Splendid Silent Sun,225
Mannahatta,226
"From ""Crossing Brooklyn Ferry""",226
Out of the Cradle endlessly rocking,227
To the Man-of-War-Bird,230
The Dalliance of the Eagles,230
Cavalry crossing a Ford,231
Bivouac on a Mountain Side,231
A Sight in Camp in the Daybreak Gray and Dim,231
O Captain! My Captain!,231
After an Interval,232
"Darest thou now, O Soul",232
Songs: The Old Mill,232
Songs: Ben Bolt,233
Daniel Gray,233
Babyhood,234
A Christmas Carol,235
The College Colonel,235
The Eagle of the Blue,236
Memorials: On the Slain at Chickamauga,236
Memorials: An Uninscribed Monument on one of the Battle-Fields of the Wilderness,236
Crossing the Tropics,236
The Enviable Isles,237
On a Bust of Dante,237
Dirge,238
Mary Booth,238
Her Epitaph,238
To a Young Girl dying,239
Into the Noiseless Country,239
Andrew,239
Obituary,240
To a Lady,240
"""Like as the Lark""",241
O ye Sweet Heavens!,241
Paradisi Gloria,241
From Worship,242
"From ""An Ode to England"": Keats",243
"From ""An Ode to England"": Wordsworth",243
The Brook,243
On the Defeat of a Great Man,244
To Rosina Pico,244
"From ""The River-Fight""",245
The Burial of the Dane,247
The Sphinx,247
The Bivouac of the Dead,248
Song,249
The Morning-Glory,250
The Closing Scene,250
Lines to a Blind Girl,252
Drifting,252
A Song for the Asking,253
The Virginians of the Valley,253
Little Giffen,254
The City of God,254
Inspiration,254
"From ""What is the Use?""",255
The Mayflower,256
The Poet's Secret,257
November,257
Unreturning,258
"In the Still, Star-Lit Night",258
Mercedes,259
On the Campagna,259
A Summer Night,259
Last Days,259
California,260
Fledglings,260
Sea-Sleep,261
A Ballad of Sir John Franklin,261
The Ferry,263
To England,263
To My Lady,263
Dirge for a Soldier,264
Music in Camp,264
Ashby,265
Amy,266
Ahab Mohammed,266
To a Lily,267
Ode to a Butterfly,267
To Duty,268
"""The Snowing of the Pines""",268
Decoration,268
"""Since Cleopatra died""",269
"""Such Stuff as Dreams are made of""",269
El Capitan-General,269
The Two Friends,270
Ariel in the Cloven Pine,271
Song,272
Bedouin Song,272
"America - From the National Ode, July 4, 1876",272
The Quaker Widow,273
The Song of the Camp,274
"From ""The Sunshine of the Gods""",275
To M. T.,275
The Fallow Field,275
O Earth! art thou not weary?,276
With a Rose from Conway Castle,276
Two Paths,277
Stonewall Jackson's Way,277
The Fight at the San Jacinto,277
The Maryland Battalion,278
The Witch's Whelp,279
Melodies and Catches: Songs,280
Melodies and Catches: The Sea,280
Melodies and Catches: Birds,280
Melodies and Catches: The Sky,281
Melodies and Catches: The Shadow,281
Melodies and Catches: A Catch,281
The Flight of Youth,281
Oriental Songs: The Divan,281
Oriental Songs: Wine and Dew,281
Oriental Songs: The Jar,282
Oriental Songs: The Falcon,282
Oriental Songs: Arab Song,282
The Lover (Japan),282
Abraham Lincoln,282
Adsum,285
An Old Song Reversed,285
Mors et Vita,285
A Gazelle,286
The Flight of the Arrow,286
The Vision of the Snow,286
The Hero of the Commune,286
"A Grave in Hollywood Cemetery, Richmond (J. R. T.)",287
"My Old Kentucky Home, Good-Night",288
Old Folks at Home,288
Massa's in de Cold Ground,289
Segovia and Madrid,289
Arachne,289
Bluebeard's Closet,290
Life,290
Done For,291
In Vain,291
The Blue and the Gray,292
The Vagabonds,292
Midwinter,294
Midsummer,294
The Word of God to Leyden came,295
The Babie,296
Twilight at Sea,296
Why thus longing?,296
Balder's Wife,297
Nearer Home,297
The Master's Invitation,297
To a Young Child,298
The Pilgrim,298
A Strip of Blue,299
'Tis but a Little Faded Flower,300
Olivia,300
Under the Snow,301
Tacking Ship off Shore,302
Antony to Cleopatra,303
The Second Mate,303
To an Autumn Leaf,305
Ebb and Flow,305
Thalatta! Thalatta!,305
Incognita of Raphael,306
On One who died in May,306
But Once,307
Alma Mater's Roll,307
Bookra,308
"On a Boy's First Reading of ""King Henry V""",311
To a Magnolia Flower in the Garden of the Armenian Convent at Venice,311
Of One who seemed to have Failed,312
The Quaker Graveyard,313
Idleness,313
"A Decanter of Madeira, Aged 86, to George Bancroft, Aged 86, Greeting",313
The Cotton Boll,314
Quatorzain,316
Charleston,316
At Magnolia Cemetery,317
Aspects of the Pines,317
Vicksburg,317
Between the Sunken Sun and the New Moon,318
A Storm in the Distance,318
The Rose and Thorn,319
A little while I fain would linger yet,319
In Harbor,319
Life: Life,320
Life: A Book,320
Life: Utterance,320
Life: With Flowers,320
Life: Parting,320
Life: Called Back,320
Love: Choice,321
Love: Constant,321
"Love: Heart, we will forget him",321
Nature: The Waking Year,321
Nature: Autumn,321
Nature: Beclouded,321
Nature: Fringed Gentian,321
Time and Eternity: Too Late,322
Time and Eternity: Chartless,322
Time and Eternity: The Battle-Field,322
Time and Eternity: Vanished,322
Time and Eternity: That such have died,322
Time and Eternity: The Secret,322
Time and Eternity: Eternity,322
Adonais,323
The Stab,323
Coronation,324
Morn,324
Emigravit,324
Poppies in the Wheat,325
A Last Prayer,325
Habeas Corpus,325
Samuel Hoar,326
Ariana,326
At Chappaqua,326
The Scarlet Tanager,326
Sea-Birds,327
"""My Dearling""",327
The Last Landlord,327
In a Garret,328
Rock me to Sleep,329
Sonnets: The Dead Singer,329
Sonnets: Virtuosa,330
Sonnets: At Set of Sun,330
Sonnets: Down the Bayou,330
Sonnets: Reserve,330
Sonnets: Her Horoscope,330
Embryo,331
A Georgia Volunteer,331
Music and Memory,332
A Soldier's Grave,332
Landor,332
Bos'n Hill,332
Dandelions,333
Song from a Drama,333
The Discoverer,333
Pan in Wall Street,334
Kearny at Seven Pines,335
The Hand of Lincoln,335
Salem (A. D. 1692),336
Falstaff's Song,336
The World well Lost,337
Helen Keller,337
Morgan,338
On a Great Man whose Mind is Clouding,338
Si Jeunesse savait!,338
Mors Benefica,338
"Quest - From ""Corda Concordia""",339
Invocation,339
Song of the Palm,340
With a Nantucket Shell,341
March,342
"Gil, the Toreador",342
Dum Vivimus Vigilemus,342
Indirection,343
The Word,343
An Old Man's Idyl,343
Farewell to Summer,344
Beer,345
World Music,345
Unfulfilment,346
In the Dark,346
On Waking from a Dreamless Sleep,346
Theocritus,347
Little Guinever,347
The Return,347
"""Song, to the Gods, is Sweetest Sacrifice""",348
The Guest,348
All's Well,348
White Azaleas,349
The Mower in Ohio,349
Rose and Root,350
To Abraham Lincoln,350
Farther,350
The Child in the Street,351
To a Lady,351
The Guerdon,351
Torch-Light in Autumn,351
Ireland,351
Leaves at my Window,351
The Lost Genius,352
Purpose,353
Phantoms all,353
Evanescence,354
Music in the Night,354
A Sigh,354
The Pines,354
Voice,355
The Hunt,355
To-Night,355
A Painted Fan,356
The Shadow Dance,356
Laus Veneris,356
Laura Sleeping,356
Hic Jacet,357
The Last Good-by,357
Were but my Spirit loosed upon the Air,357
We lay us down to Sleep,357
Louisa May Alcott - In Memoriam,358
Love's Resurrection Day,358
To John Greenleaf Whittier - On the Death of Lowell,358
The New Castalia,358
My New World,359
At Shakespeare's Grave,359
Man's Pillow,360
Poetry,360
On the Heights,360
Don Juan,361
El Vaquero,361
The Derelict,361
God save the Nation,361
Coeur de Lion to Berengaria,362
The Flight from the Convent,362
Sir Marmaduke's Musings,363
A Chrysalis,363
In Death,363
Beyond Recall,364
A Spray of Honeysuckle,364
The Beautiful,364
The Dead Solomon,364
Alcyone,365
The School Girl,366
My Catbird,366
Sonnets: In Hades,367
Sonnets: Benedicite,367
The Modern Romans,368
Then and Now,368
Seaward,369
The Sandpiper,369
Song,370
May Morning,370
My Queen,371
Asleep,371
The Night Watch,371
On the Verge,371
Adelaide Neilson,372
Arthur,372
The Passing Bell at Stratford,373
I. H. B.,373
Unwritten Poems,374
After Wings,374
My Babes in the Wood,374
The Witch in the Glass,375
Tradition of Conquest,375
The Watch of a Swan,375
In Clonmel Parish Churchyard,376
A Call on Sir Walter Raleigh,376
An Irish Wild-Flower,377
Transfigured,377
The Term of Death,377
Envoy,377
On Lebanon,377
Divided,378
The Cross of Gold,378
Appreciation,379
To Hafiz,379
When the Sultan goes to Ispahan,379
Palabras Carinosas,380
Heredity,380
Identity,380
Unguarded Gates,380
Guilielmus Rex,381
"Sargent's Portrait of Edwin Booth at ""The Players""",381
Tennyson,381
A Shadow of the Night,381
Sonnets: Enamoured Architect of Airy Rhyme,382
Sonnets: Reminiscence,382
Sonnets: Outward Bound,382
Sonnets: Andromeda,383
Sonnets: The Undiscovered Country,383
Sonnets: Sleep,383
Prescience,383
Memory,384
Thalia,384
Quatrains: Masks,384
Quatrains: Memories,384
Quatrains: Circumstance,384
Quatrains: On Reading,384
Quatrains: Quits,385
An Ode - On the Unveiling of the Shaw Memorial on Boston Common,385
A Petition,385
In Earliest Spring,386
The Two Wives,386
From Generation to Generation,386
Change,386
If,387
Hope,387
Vision,387
Judgment Day,387
What shall it profit?,387
The Old Sergeant,388
"From ""In State""",389
Tellus,390
Authority,390
Whittier,391
Awakening,391
Comrades,391
Shakespeare,391
The Two Mysteries,392
Once Before,393
The Stars,393
Emerson,393
Shadow-Evidence,394
"From ""The Brook""",394
Liberty,395
The Surrender of Spain,396
Christine,396
Pike County Ballads: Jim Bludso of the Prairie Belle,396
Pike County Ballads: Little Breeches,397
The Stirrup-Cup,398
"From ""The Song of the Ancient People""",398
"Heaven, O Lord, I cannot lose",399
A Character,399
The Clue,400
Delay,400
Woodbines in October,400
The Living Book,400
My Maryland,400
John Pelham,401
Why the Robin's Breast was Red,402
The Conquered Banner,402
A Child's Wish,403
At the Hacienda,403
Chiquita,403
Grizzly,404
Crotalus,404
"""Jim""",405
The Society upon the Stanislaus,405
The Aged Stranger,406
Madrono,407
What the Bullet sang,407
Europa,407
Poet of Earth,408
The Waiting Chords,408
Evelyn,409
A Soldier Poet,409
The Ride to Cherokee,410
Recollection,410
Old Flemish Lace,411
Believe and take Heart,411
The Starry Host,411
Silence,412
Forepledged,412
"From ""God and the Soul"": Nature and the Child",412
"From ""God and the Soul"": Et Mori Lucrum",412
"From ""God and the Soul"": The Void Between",413
"From ""God and the Soul"": At the Ninth Hour",413
The Reed,413
Medusa,414
A Song for Lexington,415
Man and Nature,415
The Making of Man,415
The Golden-Robin's Nest,416
Recognition,416
Starlight,416
The Rise of Man,417
His Mother's Joy,417
A Wedding-Song,417
Army Correspondent's Last Ride,417
In Rama,418
The Fool's Prayer,419
Before Sunrise in Winter,419
The Lover's Song,420
The Coup de Grace,420
Tempted,420
Force,420
A Prayer,421
Christmas Night of '62,421
Dreaming in the Trenches,422
A Dream of Flowers,422
The Crystal,423
Nihil Humani Alienum,423
Cressid,423
The Love-Knot,424
Riding Down,424
Who knows?,425
Silence,425
Brook Song,425
The Wild Geese,426
His Statement of the Case,426
The Wayside,426
Columbus,426
At the Grave of Walker,427
Westward Ho!,427
Crossing the Plains,428
Vaquero,428
By the Pacific Ocean,428
Twilight at the Heights,429
Dead in the Sierras,429
Peter Cooper,429
To Russia,429
The Voice of the Dove,429
Juanita,430
What was my Dream?,430
The General's Death,431
Blue Hills beneath the Haze,431
The Eagle's Fall,432
The Way to Heaven,432
The Song in the Dell,432
Robinson Crusoe,433
"Song for ""The Jaquerie"": Betrayal",433
"Song for ""The Jaquerie"": The Hound",434
Night and Day,434
The Stirrup-Cup,434
Song of the Chattahoochee,434
The Marshes of Glynn,435
The Mocking Bird,437
The Harlequin of Dreams,437
A Ballad of Trees and the Master,437
Sunrise,437
My Uninvited Guest,441
Departure,441
Donald,442
Winter Days,442
In Memory of General Grant,442
Faith's Vista,443
The Death of Grant,443
The Bride,443
Another Way,444
Montefiore,444
Presentiment,444
Creation,444
T. A. H.,444
The Royal Mummy to Bohemia,445
Wind and Wave,445
Albatross,446
The Cocoa-Tree,446
Vanquished,446
Under the Blue,447
Santa Barbara,447
The Wind-Swept Wheat,447
A Farewell,448
Faith Trembling,448
The Spinner,448
When the Most is Said,449
Poet and Lark,449
A Breath,449
Friend and Lover,449
God Keep You,449
The Thanksgiving in Boston Harbor,450
Carmen Bellicosum,451
"At Marshfield - From ""Webster: An Ode""",451
The Cowboy,452
All Quiet along the Potomac,454
Sambo's Right to be Kilt,454
The Band in the Pines,455
The Volunteer,455
Stonewall Jackson,455
Roll-Call,456
"""Picciola""",456
Reveille,457
Farragut,457
Driving Home the Cows,458
Negro Spirituals: In dat great gittin'-up Mornin',459
Negro Spirituals: Stars begin to fall,459
"Negro Spirituals: Roll, Jordan, Roll",459
"Negro Spirituals: Swing low, Sweet Chariot",459
Negro Spirituals: Bright Sparkles in de Churchyard,460
The Pyxidanthera,460
Yellow Jessamine,460
The Petrified Fern,461
The Dawning o' the Year,461
The Willis,462
Two of a Trade,463
Sonnets: An Open Secret,463
Sonnets: Reconciliation,463
Now,463
A Living Memory,464
Waiting,464
Dead Love,464
Disarmed,465
Post-Meridian: Afternoon,465
Post-Meridian: Evening,465
Thoreau's Flute,465
Opportunity,466
The Condemned,466
My Birth,466
The Inevitable,467
Quatrains: Time,467
Quatrains: Infallibility,467
Quatrains: Power,467
Quatrains: Disappointment,467
Quatrains: Compensation,467
Ancient of Days,468
O Little Town of Bethlehem,468
In Galilee,468
Reincarnation,469
"Roll Out, O Song",469
Not Knowing,469
To St. Mary Magdalen,470
Now I lay me down to sleep,470
One Saturday,470
My Laddie's Hounds,471
The Children,471
"""The Doves of Venice""",472
Mother Goose Sonnets: Jack and Jill,473
Mother Goose Sonnets: Simple Simon,473
A Threnody,473
Ode,474
The Celestial Passion,475
I count my Time by Times that I meet thee,475
Songs,475
On the Life-Mask of Abraham Lincoln,475
The Sonnet,476
Evening in the Tyringham Valley,476
Sherman,476
Hast thou heard the Nightingale?,476
The Cello,477
A Child,477
"Ah, be not False",477
Of one who neither sees nor hears,477
The Birds of Bethlehem,478
Noel,478
The Song of a Heathen,478
The Heroic Age,478
After-Song,478
Absolution,479
"From ""Wendell Phillips""",480
At Best,480
An Art Master,480
A Savage,480
A White Rose,481
Mayflower,481
The Lost Colors,481
The Room's Width,482
Gloucester Harbor,482
Electra,483
Walt Whitman,483
Song,483
The Lion's Cub,483
An Early Bluebird,484
Written on a Fly-Leaf of Theocritus,485
A Flight Shot,485
A Creole Slave Song,485
"A Prophecy - From ""Lincoln's Grave""",486
Changelings,486
In the Dark,486
Ghost-Flowers,487
Inheritance,487
Poe's Cottage at Fordham,487
Remembrance,488
We walked among the Whispering Pines,488
The Light'ood Fire,488
Evolution,489
The Water-Lily,489
To Shelley,489
The Sisters,489
Anonymous,489
Clover,489
The Departed,489
Indian Summer,490
The Druid,490
The Child,490
Quatrains: The Bubble,490
Quatrains: Becalmed,490
Quatrains: Fame,490
Helen,491
Gulf Stream,491
Night after Night,492
My Father's Child,492
"Soul, wherefore fret Thee?",492
"Out of the Old House, Nancy",492
When the Grass shall cover me,494
The Mariposa Lily,495
Fruitionless,495
Helen Hunt Jackson,495
The Sovereigns,496
Milton,496
The Ship,496
To an Old Venetian Wine-Glass,496
Theseus and Ariadne,496
To the Milkweed,497
To a Maple Seed,497
Sesostris,497
The Doors,497
The Flight,498
Fiat Lux,498
The Kearsarge,498
Andromeda,498
My Comrade,499
The Skeleton at the Feast,499
The Death of Azron,499
"Many Things thou hast given me, Dear Heart",500
Vita Benefica,500
The Blazing Heart,501
My Enemy,501
With a Spray of Apple Blossoms,502
The Last Reservation,502
On the Fly-Leaf of Manon Lescaut,502
In Explanation,503
To Critics,503
Posthumous,503
On a Miniature,504
Biftek aux Champignons,504
Ecce in Deserto,505
The Singer of One Song,505
Duality,505
Immortality,506
Iter Supremum,506
"From ""Wishmakers' Town"": The Bells",506
"From ""Wishmakers' Town"": The Flower-Seller",506
"From ""Wishmakers' Town"": The Conscience-Keeper",507
"From ""Wishmakers' Town"": The Pawns",507
"From ""Wishmakers' Town"": The Bridal Pair",507
Judith,508
Philomel to Corydon,508
The High Tide at Gettysburg,508
Come Love or Death,509
Arcana Sylvarum,509
Ulf in Ireland,510
The Tsigane's Canzonet,511
A Woman's Execution,512
Thoralf and Synnov,512
The Plough-Hands' Song,513
"My Honey, My Love",514
The Happiest Heart,515
The Strong,515
Every one to his own Way,515
Evening Songs,515
The Skilful Listener,516
Whither,516
The Flight of the War-Eagle,516
The Ballad of Oriskany,517
April,518
On the Proposal to erect a Monument in England to Lord Byron,518
Venus of the Louvre,519
The Cranes of Ibycus,519
The Banner of the Jew,519
The Crowing of the Red Cock,520
The New Ezekiel,520
My Letter,521
To a Hurt Child,521
My Other Me,521
The Andalusian Sereno,521
The Sphinx speaks,522
The Bayadere,522
Pastel,523
The Ideal,523
A Dream of Death - Helena,523
Bondage,524
The Burden of Love,524
A Song of Two Angels,524
Where Helen sits,525
A Valentine,525
Sandy Hook,525
The Handsel Ring,525
The Manor Lord,526
"Wynken, Blynken, and Nod",526
Garden and Cradle,527
In the Firelight,527
Nightfall in Dordrecht,527
The Dinkey-Bird,528
Little Boy Blue,528
The Lyttel Boy,528
Our Two Opinions,529
The Bibliomaniac's Prayer,529
Dibdin's Ghost,529
Echoes from the Sabine Farm: To the Fountain of Bandusia,530
Echoes from the Sabine Farm: To Leuconoe - I,530
Echoes from the Sabine Farm: To Leuconoe - II,531
It is in Winter that we dream of Spring,531
The Dead Player,531
To a Crow,531
The Sunrise of the Poor,532
Such is the Death the Soldier dies,532
Ballad of the Faded Field,532
"America - From the ""Torch Bearers""",533
In Paradise,533
The Cyclamen,533
Conceits: Kitty's Laugh,534
"Conceits: Kitty's ""No""",534
Like to a Coin,534
The Watchers,534
On the Road to Chorrera,534
A Winter Twilight,535
Perdita,535
Survival,535
India,535
Tennyson,536
Songs: The World is Mine,536
Songs: To-Morrow,536
The Flown Soul,536
South-Wind,537
The Sunshine of thine Eyes,537
Remembrance,537
The Voice of the Void,537
The Child's Wish granted,537
Keenan's Charge,538
Give me not Tears,539
Dorothy,539
A Song before Grief,540
The Clock's Song,540
Prayer,540
After Death,541
A Conjecture,541
The Man with the Hoe,541
My Comrade,542
Poetry,542
A Look into the Gulf,542
The Last Furrow,542
The Whirlwind Road,542
Joy of the Morning,543
England,543
To Shakespeare,543
Maurice de Guerin,543
He made us Free,544
The Old Violin,544
The Shamrock,544
Russia,545
To an Imperilled Traveller,545
A Russian Fantasy,545
An Angler's Wish,545
The Veery,546
Roslin and Hawthornden,546
The Lily of Yorrow,546
Tennyson,547
Four Things,547
The Fighting Race,547
Henry Ward Beecher,548
Rare Moments,549
Yuma,549
"From ""The Voice of Webster""",549
As a Bell in a Chime,550
The Wistful Days,550
In Tesla's Laboratory,550
Browning at Asolo,551
The Blossom of the Soul,551
At the Shrine,551
Ghosts,551
A Bulb,552
To Miguel de Cervantes Saavadra,552
The Hollyhocks,552
Don Quixote,552
To the Moonflower,553
Moth-Song,553
Her Picture,553
On Kingston Bridge,553
So wags the World,554
Praise-God Barebones,554
Pamela in Town,555
April Fantasie,555
Quaker Ladies,555
The Bride's Toilette,556
A Cry from the Shore,556
Sea-Way,557
Harvest,557
Uncle Gabe's White Folks,557
Ashcake,558
When she comes Home,559
The Old Man and Jim,559
A Life-Lesson,560
The Way the Baby woke,560
The Way the Baby slept,561
Bereaved,561
Ike Walton's Prayer,561
On the Death of Little Mahala Ashcraft,561
Little Orphant Annie,562
"Dwainie - From ""The Flying Islands of the Night""",563
Honey dripping from the Comb,563
A Man by the Name of Bolus,563
Longfellow,564
Love's Prayer,564
The Garden where there is no Winter,564
Tuberose,565
Fate,565
Work,565
To Demeter,566
What though the Green Leaf grow?,566
To Sleep,566
"Song, Youth, and Sorrow",567
My Fatherland,567
The Heaviest Cross of all,567
Saturninus,568
De Fust Banjo,568
To England,569
"From the ""Book of Day-Dreams"": Soul unto Soul glooms darkling",570
"From the ""Book of Day-Dreams"": Disenchantment",570
"From the ""Book of Day-Dreams"": Or ever the Earth was",571
"From the ""Book of Day-Dreams"": Thou livest, O Soul!",571
"From the ""Book of Day-Dreams"": Then shall we see",571
The Betrayal of the Rose,571
The Tears of the Poplars,572
The Quiet Pilgrim,572
Mother England,573
Breath of Hampstead Heath,573
Thefts of the Morning,574
Frost,574
Quatrains: The Soul in the Body,574
Quatrains: Insomnia,575
Quatrains: To Imagination,575
A Far Cry to Heaven,575
The Mother who died too,575
Winter Sleep,575
"From ""The Inverted Torch"": When in the First Great Hour",576
"From ""The Inverted Torch"": Tell me",576
"From ""The Inverted Torch"": If still they live",576
"From ""The Inverted Torch"": Will it be so?",576
Sassafras,576
A Southern Girl,577
The Captain's Feather,577
My Little Girl,577
Pray for the Dead,578
The Egyptian Lotus,578
Little Wild Baby,579
Viverols,579
He'd nothing but his Violin,580
What my Lover said,580
Unless,581
Winter Twilight,581
Under the Red Cross,581
A Child's Question,582
The Mystery,582
Thomas a Kempis,582
Kelpius's Hymn,582
Two Argosies,583
In the Old Churchyard at Fredericksburg,583
The Aztec City,584
Were-Wolf,585
The Golden Age,585
The Man with the Hoe - A Reply,586
"""Gossamer Weft"": Whenever a Little Child is born",587
Morning,587
Snowflakes,587
Why it was cold in May,587
Thistle-down,587
A Little Boy's Vain Regret,588
A Mortifying Mistake,588
Early News,588
A Million Little Diamonds,588
Only One,588
Lullaby,588
Impromptus: Written in the Visitors' Book at the Birthplace of Robert Burns,589
Impromptus: The New Arrival,589
Thoughts on the Commandments,589
An American Girl,589
To Jessie's Dancing Feet,590
"From ""Wild Eden"": When First I saw her",590
"From ""Wild Eden"": The Secret",590
"From ""Wild Eden"": O, Inexpressible as sweet",591
"From ""Wild Eden"": The Rose of Stars",591
"From ""Wild Eden"": Divine Awe",591
"From ""Wild Eden"": Homeward Bound",591
"From ""Wild Eden"": The Child",592
"From ""Wild Eden"": O, Struck beneath the Laurel",592
"From ""Wild Eden"": So slow to die",592
"From ""Wild Eden"": Seaward",592
"From ""My Country""",593
On a Portrait of Columbus,594
America to England,594
At Gibraltar,594
Love's Rosary,595
"Song of Eros, in ""Agathon""",595
John Bright,595
The Way to Arcady,596
She was a Beauty,597
A Pitcher of Mignonette,597
Deaf,597
Les Morts vont vite,598
The Appeal to Harold,598
On Reading a Poet's First Book,598
Feminine,599
J. B.,599
To a June Breeze,599
The Chaperon,600
Madam Hickory,600
Blossom Time,600
Her Shadow,601
Alicia's Bonnet,601
Love and Poverty,602
Derelict,602
The Sea-Weed,603
The Seeker in the Marshes,603
The Last Fight,604
Sleep,606
His Quest,606
Kree,606
Roses of Memory,607
A Girl of Pompeii,608
A Little Brother of the Rich,608
Egotism,608
Lydia,609
"Anne - Sudbury Meeting-House, 1653",609
Daffodils,609
Tears,610
Immortality,610
Thomas a Kempis,610
Telling the Bees,611
In Time of Grief,611
To a Town Poet,611
Trust,611
A Holiday,612
Keats,612
Reserve,612
The Southern Snow-Bird,612
To a Cherokee Rose,612
Quatrains: Moonlight Song of the Mocking-Bird,613
Quatrains: Night Mists,613
Quatrains: An Autumn Breeze,613
Quatrains: Exiles,613
A Cyclone at Sea,613
"""Sleep and his Brother Death""",613
The Yule Log,613
England,613
To a Child,614
A Dead Soldier,614
At Night,615
Recrimination,615
To an Obscure Poet who lives on my Hearth,616
Implora Pace,616
At the Mermaid Inn,617
Destiny - A. D. 1899,617
The Lonely-Bird,619
A Pine-Tree Buoy,619
Mohammed and Seid,619
Walt Whitman,620
Fickle Hope,620
Choir Practice,620
The Search,621
The Soul of the World,621
Heliotrope,621
Wonderland,622
The Other One,622
One Country,622
A Plantation Ditty,623
The Graveyard Rabbit,623
The Mocking-Bird,623
A Little Way,624
Love and Death,624
Sent with a Rose to a Young Lady,624
The Clover,624
Love's Wisdom,624
Small and Early,625
The Spirit of the Maine,625
Candlemas,626
Trilby,626
Cloistered,626
Life,626
Sleep,627
Incipit Vita Nova,627
"""Ej Blot Til Lyst""",627
Tannhauser,627
Lohengrin,628
Song and Science,628
"""The Twilight of the Poets""",628
When Almonds bloom,629
"Yosemite - From ""The Washington Sequoia""",629
Tacita,630
Quatrains: The Bedouins of the Skies,630
Quatrains: The Two Spirits,630
Quatrains: A Challenge,630
Death and Night,630
Bring them not back,631
"Come slowly, Paradise",631
Stella,631
The Human Plan,631
With Lilacs,631
The Four Winds,632
The Haunts of the Halcyon,632
Heart of Oak,632
An Old Thought,632
The Mountebanks,633
The Scarlet Tanager,633
My Little Neighbor,633
Over their Graves,634
As some Mysterious Wanderer of the Skies,634
The Mocking-Bird,634
The Lamp,634
De Sheepfol',635
As I came down Mount Tamalpais,635
Blondel,635
A Song's Worth,636
The Sea's Spell,636
Fate,636
"""The Unillumined Verge""",637
James McCosh,637
"En Garde, Messieurs",638
The Hundred-Yard Dash,638
I served in a Great Cause,638
If all the Voices of Men,639
Epicedium,639
The Dead Moon,639
The Spirit of the Fall,640
The Last Hunt,640
Man in Nature,641
The Violin's Complaint,641
The Ride to the Lady,642
Arraignment,642
Thisbe,643
The Contrast,643
The Last Cup of Canary,643
The Spring Beauties,644
Fair England,644
The First Song,645
On a Ferry Boat,645
Black Sheep,645
The Forefather,646
"""Extras""",646
Love is Strong,646
An Unpraised Picture,646
The Polar Quest,647
In Sleep,647
Robin's Secret,647
A Song of Riches,648
The Little Knight in Green,648
On a Cast from an Antique,648
Death,649
The Tutelage,649
The Second Volume,649
On a Greek Vase,650
To a Rose,650
On Some Buttercups,650
The Library,650
Quatrains: A Quatrain,651
Quatrains: A Hollyhock,651
Quatrains: Moonrise,651
The Rose's Cup,651
The Shadows,651
At Midnight,651
George Washington,652
Genesis,652
A Summer Sanctuary,652
Sea and Shore,652
John Brown,653
Icarus,653
The Satirist,653
Revealed,653
At Lincoln,653
"On a Grave in Christ-Church, Hants",654
Pioneers,654
In the Grass,654
The Meadow Lark,654
The Massasauga,655
A Tribute of Grasses - To W. W.,655
A Wish,655
The Gift of Water,655
The Ute Lover,655
Do you fear the Wind,656
The Gold-Seekers,656
The Greeting of the Roses,656
The Mother's Song,657
An Old Street,657
Care,657
Youth,658
Sidney Godolphin,658
As I came down from Lebanon,658
Khamsin,659
Memnon,659
Be ye in love with April-Tide?,660
A Bell,660
"From the ""Commemoration Ode"" - World's Columbian Exposition, Chicago: Washington",660
"From the ""Commemoration Ode"" - World's Columbian Exposition, Chicago: Lincoln",660
"From the ""Commemoration Ode"" - World's Columbian Exposition, Chicago: Democracy",661
In the Beginning,662
The Fortunate One,662
The Night-Blooming Cereus,662
A Farewell,663
A Common Inference,663
The Beds of Fleur-de-Lys,663
A Conservative,663
Ode for a Master Mariner ashore,664
In Leinster,665
Pax Paganica,665
On first entering Westminster Abbey,665
Martyr's Memorial,665
A Footnote to a Famous Lyric,666
The Wild Ride,666
Valse Jeune,666
Of Joan's Youth,666
Sanctuary,667
Meeting after Long Absence: As she feared it would be,667
Meeting after Long Absence: As it was,667
Life and Death,667
Art,668
Beyond,668
Soul and Sense,669
One Way of Trusting,669
The Little Child,669
In Louisiana,669
As the Day breaks,669
"""Mark""",670
"A ""Rise""",670
Geronimo,670
I fear no Power a Woman wields,670
Sorrow,671
Love,671
At Last,671
Aidenn,671
Birth,672
The First Step,672
To O. S. C.,672
A Plain Man's Dream,672
A Child of To-Day,673
Vingtaine: Separation,673
Vingtaine: Immutabilis,673
When Even cometh on,673
The Statue of Lorenzo De' Medici,674
Ahmed,674
Ave! Nero Imperator,674
A Night in Lesbos,675
Bacchylides,675
Carlyle and Emerson,676
The Town of Hay,676
A Drop of Ink,676
Sea Irony,677
Solitude,677
An Epilogue at Wallack's,677
"""The Tune of the Time"": When Love comes knocking",678
"""The Tune of the Time"": If I but knew",678
"""The Tune of the Time"": Song from ""Ben Hur""",678
"""The Tune of the Time"": At Twilight",678
"""The Tune of the Time"": Art Thou the Same",678
"""The Tune of the Time"": The Song of the Turnkey",679
"""The Tune of the Time"": The Armorer's Song",679
"""The Tune of the Time"": His Majesty",680
"""The Tune of the Time"": Little Alabama Coon",680
"""The Tune of the Time"": Go Sleep, Ma Honey",680
"""The Tune of the Time"": Kentucky Babe",681
"""The Tune of the Time"": A Little Dutch Garden",681
"""A Song that Old was Sung"": The Old Sexton",681
"""A Song that Old was Sung"": He came too late",682
"From ""To a Writer of the Day"": Technique",685
"From ""To a Writer of the Day"": Purpose",685
Songs: Fear,686
Songs: Sweets that die,686
To One being Old,687
The Wayside Virgin,687
Written at the End of a Book,687
Under the Stars,688
The End,688
Immortal Flowers,688
The Dancing Faun,689
A Sleeping Priestess of Aphrodite,689
Virgil's Tomb,690
The Shadow Rose,690
Doubt,690
A Health at the Ford,690
The Rosary,691
Symbols,691
Linen Bands,691
Beggars,692
Moonrise in the Rockies,692
The Lamp in the West,692
The Grand Ronde Valley,692
Four-Leaf Clover,692
To a Withered Rose,693
"May 30, 1893",693
The Little Elf,693
"""If Spirits walk""",693
Armistice,693
Song,694
When Nature hath betrayed the Heart that loved her,694
A Smiling Demon of Notre Dame,694
Budding-Time too Brief,694
In Mexico,695
In Youth,695
Flood-Time on the Marshes,696
The Fire i' the Flint,696
"""Hic me, Pater Optime, Fessam Deseris""",696
A Ballade of Islands,696
Proem,697
A Belated Violet,697
Why ye Blossome cometh before ye Leafe,697
The Elf and the Dormouse,698
The Mon-Goos,698
A Mood,698
Before the Rain,699
A Sonnet,699
Mrs. Golightly,699
Angels,700
The Dust,700
My Old Counselor,700
A Countrywoman of Mine,700
Ashes of Roses,701
Baby,701
Forthfaring,701
The Poet and the Child,701
A Wasted Sympathy,702
Past,702
A Mood,702
The Wander-Lovers,702
"Envoy - To ""More Songs from Vagabondia""",703
The Call of the Bugles,703
Unmanifest Destiny,704
Love in the Winds,705
Dartmouth Winter-Song,705
Laurana's Song,705
"From ""The Birth of Galahad"": Ylen's Song",705
"From ""Taliesin: A Masque""",706
Love and Life,707
Stone Walls,707
The Pines,707
The Travellers,708
Distinction,708
"""Whom the Gods love""",708
Proem,708
The Rain-Crow,708
To a Wind-Flower,709
Death,709
The Soul,710
The Creek-Road,710
Ku Klux,710
Quatrains: The Wind in the Pines,710
Quatrains: Opportunity,710
Comradery,710
Flight,711
Dirge,711
"Songs from ""Master Sky-Lark"": The Sky-Lark's Song",711
"Songs from ""Master Sky-Lark"": The Song of the Hunt",712
"God bless you, Dear, To-Day",712
Her Answer,712
The Last Bowstrings,712
Genius,714
Reality,714
A Priest's Prayer,714
Forgiveness Lane,714
Separation,715
Unanswered,715
Her Music,715
Heaven,715
October in Tennessee,715
He who hath loved,716
Joined the Blues,716
The Homing,717
The Men behind the Guns,717
Where Helen comes,718
The Rahat,718
A Beam of Light,718
A Song about Singing,718
In November,718
Music of Hungary,718
A Crowned Poet,719
Love's Change,719
Fraternity,719
Recollection,719
April - and dying,719
A Little Parable,720
Death at Daybreak,720
The Eternal Justice,720
Prairie,720
The Heavens are our Riddle,721
"From ""The Old-Fashioned Garden""",721
The Flight of the Heart,722
The Soul of Man,722
The Judgment,722
The Flute,723
The Veery-Thrush,723
A Song with a Discord,723
To Faustine,724
Morning,724
Silkweed,724
Solitude,724
Infinity,725
Richard Somers,725
Joy enough,725
"From ""An Ode in Time of Hesitation"": Robert Gould Shaw",726
"From ""An Ode in Time of Hesitation"": ""No Hint of Stain""",726
Nature: The Artist,727
A Pasture,727
Luke Havergal,727
Ballade of Dead Friends,728
The Clerks,728
The Pity of the Leaves,728
The House on the Hill,729
"An International Episode (March 15, 1889)",729
A Portrait,730
A Word to the Wise,730
Song,730
A Sonnet,731
Helen,731
The Spirit of the Wheat,731
Sinfonia Eroica,732
The Butterfly,732
Processional,733
The Peaks,733
'Scaped,733
The Black Riders,734
Why?,734
The Wayfarer,734
Content,734
Ancestry,734
The Violets,734
I explain,734
The Arid Lands,735
By the Pacific,735
Night in Camp,735
Morning in Camp,735
Quatrains: Mount Rainier,736
Quatrains: Along Shore,736
Quatrains: Sunset,736
For Decoration Day,736
A Corn-Song,737
Harriet Beecher Stowe,737
Retort,737
On the Road,738
Hymn,738
A Death Song,738
Sunrise in the Hills of Satsuma,739
Flying Fish,739
Miyoko San,739
A Drifting Petal,739
Yuki,739
Morning Fancy,740
England,740
War,740
Judgment,740
A Song of Arno,741
When the Great Gray Ships come in,741
The Sycophantic Fox and the Gullible Raven,742
Romance,742
A Moral in Sevres,743
Down a Woodland Way,743
A Song of the Wave,743
Youth,744
A Song,744
My Rose,744
Prelude,745
Wood-Song,745
Sonnet in a Garden,745
A Changeling Grateful,745
Caravans,746
Rubric,746
Isolation,746
After Music,747
A Far-Off Rose,747
"Kol Nidra - From ""The Day of Atonement""",747
The Banjo of the Past,748
The Borrowed Child,749
The Cattle of his Hand,749
To a Wild Rose found in October,750
A Good-by,751
The Deathless,751
The Mocking-Bird,751
The Dancer,751
"From ""The House of a Hundred Lights"": The Young Lovers",752
"From ""The House of a Hundred Lights"": Youth and Age",752
"From ""The House of a Hundred Lights"": Compensation",752
"From ""The House of a Hundred Lights"": Carpe Diem",753
"From ""The House of a Hundred Lights"": The Conclusion of the Whole Matter",753
To Diane,753
A Woman's Pride,754
Love's Kiss,754
Was there Another Spring,754
Does the Pearl know?,754
Sigh not for Love,754
Coleridge,755
The Hudson,755
Love and Time,755
With Roses,756
Night-Wind,756
The Flag goes by,756
The Coasters,756
Of the Lost Ship,757
Camilla,758
The Song of the Sons of Esau,758
The Unborn,759
Deep Waters,759
Moritura,760
The Long Night,760
White Roses,761
Stevenson's Birthday,761
Sonnets: On the Death of a Metaphysician,761
Sonnets: On a Piece of Tapestry,761
The Artist,762
The Mountain to the Pine,762
Experience,762
Intaglios: Tennessee,763
Intaglios: On the Plains,763
Quatrains: A Diamond,763
Quatrains: Spring,763
Quatrains: March,763
Quatrains: April,763
Quatrains: A Sunset,763
The Recruit,764
The Little Nipper an' 'is Ma,764
Some Recent College Verse: D'Artagnan's Ride,765
Some Recent College Verse: To a Moth,765
Some Recent College Verse: Methinks the Measure,766
Some Recent College Verse: Helios,766
Some Recent College Verse: Darkness,766
Some Recent College Verse: Whither,766
Some Recent College Verse: Attainment,767
Some Recent College Verse: God's Will,767
Some Recent College Verse: Cameos: A Valentine,767
Some Recent College Verse: Cameos: Forgiven,767
Some Recent College Verse: The Song,767
Some Recent College Verse: Alpheus and Arethusa,767
Some Recent College Verse: On a Magazine Sonnet,768
Some Recent College Verse: A Crew Poem,768
Some Recent College Verse: In a China Shop,768
Some Recent College Verse: Classical Criticism,768
"Some Recent College Verse: For Sale, a Horse",768
Some Recent College Verse: Persicos Odi,769
Miss Nancy's Gown,769
The Journey,769
Little Theocritus,770
Now is the Cherry in Blossom,770
Hey Nonny No,771
Gold-of-Ophir Roses,771
I know not why,772
Gentian,772
Dryad Song,772
Sing Again,773
The Parting of the Ways,773
Biographical Notes,777
Index of First Lines,837
Index of Titles,855
Index of Poets,873
