author,title,page
"Alfred, Lord Tennyson",The Lady of Shalott,967
"Alfred, Lord Tennyson",Sweet and Low,972
"Alfred, Lord Tennyson","Tears, Idle Tears",972
"Alfred, Lord Tennyson","Blow, Bugle, Blow",973
"Alfred, Lord Tennyson",Home They Brought Her Warrior Dead,973
"Alfred, Lord Tennyson",Now Sleeps the Crimson Petal,974
"Alfred, Lord Tennyson","O Swallow, Swallow",974
"Alfred, Lord Tennyson","Break, Break, Break",975
"Alfred, Lord Tennyson",In the Valley of Cauteretz,976
"Alfred, Lord Tennyson",Vivien's Song,976
"Alfred, Lord Tennyson",Enid's Song,976
"Alfred, Lord Tennyson",Ulysses,977
"Alfred, Lord Tennyson",Locksley Hall,979
"Alfred, Lord Tennyson",Morte d'Arthur,986
"Alfred, Lord Tennyson",The Lotos-Eaters,993
"Alfred, Lord Tennyson","You Ask Me, Why",998
"Alfred, Lord Tennyson",Love Thou Thy Land,999
"Alfred, Lord Tennyson",Sir Galahad,1002
"Alfred, Lord Tennyson",The Higher Pantheism,1004
"Alfred, Lord Tennyson",Flower in the Crannied Wall,1005
"Alfred, Lord Tennyson",Wages,1005
"Alfred, Lord Tennyson",The Charge of the Light Brigade,1005
"Alfred, Lord Tennyson",The Revenge,1007
"Alfred, Lord Tennyson",Rizpah,1011
"Alfred, Lord Tennyson",To Virgil,1014
"Alfred, Lord Tennyson",Maud,1015
"Alfred, Lord Tennyson",Crossing the Bar,1057
"Richard Monckton Milnes, Lord Houghton",Sonnet,1057
William Makepeace Thackeray,The End of the Play,1058
Charles Kingsley,Airly Beacon,1060
Charles Kingsley,The Sands of Dee,1061
Charles Kingsley,Young and Old,1062
Charles Kingsley,Ode to the North-East Wind,1062
J. Wilson (?),The Canadian Boat Song,1064
Robert Browning,Prospice,1065
Robert Browning,'How They Brought the Good News from Ghent to Aix' [16—],1066
Robert Browning,The Lost Leader,1067
Robert Browning,"Home-Thoughts, from Abroad",1068
Robert Browning,"Home-Thoughts, from the Sea",1069
Robert Browning,Parting at Morning,1069
Robert Browning,The Lost Mistress,1069
Robert Browning,The Last Ride Together,1070
Robert Browning,Pippa's Song,1073
Robert Browning,You'll Love Me Yet,1073
Robert Browning,My Last Duchess,1074
Robert Browning,The Bishop Orders His Tomb at Saint Praxed's Church,1075
Robert Browning,Evelyn Hope,1078
Robert Browning,A Toccata of Galuppi's,1080
Robert Browning,Memorabilia,1082
Robert Browning,The Patriot,1082
Robert Browning,A Grammarian's Funeral,1083
Robert Browning,Andrea del Sarto,1087
Robert Browning,One Word More,1094
Robert Browning,Abt Vogler,1100
Robert Browning,Rabbi Ben Ezra,1103
Robert Browning,Never the Time and the Place,1108
Robert Browning,Dedication of the Ring and the Book,1109
Robert Browning,Epilogue,1109
Emily Bronte,Last Lines,1110
Emily Bronte,The Old Stoic,1111
Robert Stephen Hawker,And Shall Trelawny Die?,1111
Coventry Patmore,Departure,1112
William (Johnson) Cory,Heraclitus,1113
William (Johnson) Cory,Mimnermus in Church,1114
Sydney Dobell,The Ballad of Keith of Ravelston,1114
William Allingham,The Fairies,1116
George Mac Donald,That Holy Thing,1118
George Mac Donald,Baby,1118
"Edward, Earl of Lytton",The Last Wish,1119
Arthur Hugh Clough,Say Not the Struggle Naught Availeth,1119
Arthur Hugh Clough,The Stream of Life,1120
Arthur Hugh Clough,In a London Square,1121
Arthur Hugh Clough,Qua Cursum Ventus,1121
Arthur Hugh Clough,Where Lies the Land,1122
Matthew Arnold,The Forsaken Merman,1123
Matthew Arnold,The Song of Callicles,1126
Matthew Arnold,To Marguerite,1128
Matthew Arnold,Requiescat,1129
Matthew Arnold,Shakespeare,1129
Matthew Arnold,Rugby Chapel,1130
Matthew Arnold,Memorial Verses,1135
Matthew Arnold,Dover Beach,1137
Matthew Arnold,The Better Part,1138
Matthew Arnold,Worldly Place,1139
Matthew Arnold,The Last Word,1139
George Meredith,Love in the Valley,1140
Alexander Smith,Barbara,1146
Charles Dickens,The Ivy Green,1147
Thomas Edward Brown,My Garden,1148
James Thomson (B. V.),Gifts,1149
Dante Gabriel Rossetti,The Blessed Damozel,1149
Dante Gabriel Rossetti,The King's Tragedy,1153
Dante Gabriel Rossetti,Lovesight,1178
Dante Gabriel Rossetti,Heart's Hope,1178
Dante Gabriel Rossetti,Genius in Beauty,1179
Dante Gabriel Rossetti,Silent Noon,1179
Dante Gabriel Rossetti,Love-Sweetness,1180
Dante Gabriel Rossetti,Heart's Compass,1180
Dante Gabriel Rossetti,Her Gifts,1181
Christina Georgina Rossetti,Song,1181
Christina Georgina Rossetti,Remember,1182
Christina Georgina Rossetti,Up-Hill,1182
Christina Georgina Rossetti,In the Round Tower at Jhansi,1183
William Morris,The Defence of Guenevere,1183
William Morris,Prologue of the Earthly Paradise,1193
William Morris,The Nymph's Song to Hylas,1194
William Morris,The Day is Coming,1195
William Morris,The Days That Were,1197
John Boyle O'Reilly,A White Rose,1198
Arthur William Edgar O'Shaughnessy,Ode,1198
Robert Williams Buchanan,Liz,1199
Algernon Charles Swinburne,Chorus from 'Atalanta',1199
Algernon Charles Swinburne,Itylus,1201
Algernon Charles Swinburne,The Garden of Proserpine,1203
Algernon Charles Swinburne,A Match,1205
Algernon Charles Swinburne,A Forsaken Garden,1207
William Ernest Henley,Margaritæ Sorori,1209
William Ernest Henley,Invictus,1210
William Ernest Henley,"England, My England",1210
Robert Louis Stevenson,In the Highlands,1212
Robert Louis Stevenson,The Celestial Surgeon,1212
Robert Louis Stevenson,Requiem,1213
William Cullen Bryant,Thanatopsis,1213
William Cullen Bryant,Robert of Lincoln,1215
William Cullen Bryant,Song of Marion's Men,1217
William Cullen Bryant,June,1219
William Cullen Bryant,The Past,1221
William Cullen Bryant,To a Waterfowl,1222
William Cullen Bryant,The Death of Lincoln,1223
Edgar Allan Poe,Lenore,1224
Edgar Allan Poe,The Haunted Palace,1225
Edgar Allan Poe,To Helen,1226
Edgar Allan Poe,The Raven,1227
Edgar Allan Poe,Ulalume,1230
Edgar Allan Poe,The Bells,1233
Edgar Allan Poe,To My Mother,1236
Edgar Allan Poe,For Annie,1236
Edgar Allan Poe,Annabel Lee,1239
Edgar Allan Poe,The Conqueror Worm,1240
Ralph Waldo Emerson,Good-Bye,1241
Ralph Waldo Emerson,The Apology,1242
Ralph Waldo Emerson,Brahma,1243
Ralph Waldo Emerson,Days,1243
Ralph Waldo Emerson,Give All to Love,1244
Ralph Waldo Emerson,Concord Hymn,1245
Ralph Waldo Emerson,The Humble-Bee,1246
Ralph Waldo Emerson,The Problem,1247
Ralph Waldo Emerson,Woodnotes,1249
Ralph Waldo Emerson,Boston Hymn,1261
Henry Wadsworth Longfellow,A Psalm of Life,1264
Henry Wadsworth Longfellow,The Light of Stars,1265
Henry Wadsworth Longfellow,Hymn to the Night,1267
Henry Wadsworth Longfellow,Footsteps of Angels,1267
Henry Wadsworth Longfellow,The Wreck of the Hesperus,1269
Henry Wadsworth Longfellow,The Village Blacksmith,1271
Henry Wadsworth Longfellow,Serenade,1273
Henry Wadsworth Longfellow,The Rainy Day,1273
Henry Wadsworth Longfellow,The Day is Done,1274
Henry Wadsworth Longfellow,The Bridge,1275
Henry Wadsworth Longfellow,Resignation,1277
Henry Wadsworth Longfellow,Children,1279
Henry Wadsworth Longfellow,The Building of the Ship,1280
Henry Wadsworth Longfellow,My Lost Youth,1290
Henry Wadsworth Longfellow,The Fiftieth Birthday of Agassiz,1293
Henry Wadsworth Longfellow,The Children's Hour,1294
Henry Wadsworth Longfellow,Paul Revere's Ride,1295
Henry Wadsworth Longfellow,Killed at the Ford,1299
Henry Wadsworth Longfellow,Evangeline,1300
John Greenleaf Whittier,The Eternal Goodness,1338
John Greenleaf Whittier,Randolph of Roanoke,1341
John Greenleaf Whittier,Massachusetts to Virginia,1344
John Greenleaf Whittier,Barclay of Ury,1347
John Greenleaf Whittier,Maud Muller,1351
John Greenleaf Whittier,The Barefoot Boy,1355
John Greenleaf Whittier,Skipper Ireson's Ride,1357
John Greenleaf Whittier,The Pipes at Lucknow,1360
John Greenleaf Whittier,Barbara Frietchie,1362
Oliver Wendell Holmes,The Chambered Nautilus,1365
Oliver Wendell Holmes,Old Ironsides,1366
Oliver Wendell Holmes,The Last Leaf,1366
Oliver Wendell Holmes,Contentment,1368
James Russell Lowell,The Present Crisis,1370
James Russell Lowell,The Pious Editor's Creed,1373
James Russell Lowell,The Courtin',1376
James Russell Lowell,Ode Recited at the Harvard Commemoration,1379
Sidney Lanier,The Marshes of Glynn,1390
Sidney Lanier,The Revenge of Hamish,1393
Sidney Lanier,How Love Looked for Hell,1398
Bret Harte,The Reveille,1401
Walt Whitman,One's-Self I Sing,1402
Walt Whitman,Beat! Beat! Drums!,1402
Walt Whitman,Vigil Strange I Kept on the Field One Night,1403
Walt Whitman,Pioneers! O Pioneers!,1404
Walt Whitman,Ethiopia Saluting the Colors,1407
Walt Whitman,The Wound-Dresser,1408
Walt Whitman,Give Me the Splendid Silent Sun,1410
Walt Whitman,O Captain! My Captain!,1412
Walt Whitman,When Lilacs Last in the Dooryard Bloom'd,1412
Walt Whitman,Prayer of Columbus,1420
Walt Whitman,The Last Invocation,1422
