Title,Page
Joseph Addison (1672-1719),1
Extract from The Letter from Italy,3
The Campaign,4
William Walsh (1663-1708),6
To His Book (1691),8
Sonnet,8
The Despairing Lover,9
William Congreve (1670-1729),10
Amoret,12
Song,12
Sir Samuel Garth (1660-1718),13
Extracts from The Dispensary,14
Matthew Prior (1664-1721),17
The Secretary,20
"To a Child of Quality, Five Years Old",21
A Song,22
To a Lady,22
An Ode,23
Cupid Mistaken,24
A Better Answer,24
A Simile,25
Epigram,26
Another,26
For my own Tombstone,26
"Lady Winchilsea (1660 about,-1720)",27
To the Nightingale,29
The Tree,30
A Nocturnal Reverie,31
Extract from An Ode to the Spleen,32
In Answer to Mr. Pope,33
Jonathan Swift (1667-1745),34
A Description of the Morning,39
"Horace, Book IV, Ode IX. Addressed to Archbishop King, 1718",39
Apollo's Edict. Occasioned by 'News from Parnassus',40
Extract from Cadenus and Vanessa,42
The Beasts' Confession,44
The Day of Judgement,50
Extracts from Verses on the Death of Dr. Swift,50
Alexander Pope (1688-1744),55
Extract from The Essay on Criticism,70
"The Rape of the Lock, Canto II",73
Canto III,77
"Extract from The Iliad, Book VIII",82
Elegy to the Memory of an Unfortunate Lady,83
Extracts from the Essay on Man:,
Book I,85
Book IV,91
"Moral Essays, I",97
Epistle to Dr. Arbuthnot,103
From the First Epistle of the Second Book of Horace imitated. To Augustus,114
Extract from the Epilogue to the Satires,123
"from the Dunciad, Book IV",126
Conclusion of the Dunciad,127
Ambrose Philips (1671-1749),130
Extract from the Ode to Miss Carteret,131
To Miss Charlotte Pulteney in her mother's arms,132
Thomas Parnell (1679-1718),133
Extract from A Night-Piece on Death,135
A Hymn to Contentment,136
The Hermit,138
John Gay (1688-1732),145
Extract from The Shepherd's Week,148
A Ballad,149
The Hare with many Friends,150
Black-eyed Susan,152
Thomas Tickell (1686-1740),154
"To the Earl of Warwick, on the Death of Mr. Addison",156
Allan Ramsay (1686-1758),159
Extracts from The Gentle Shepherd:,
Jenny and Peggy,163
Patie and Peggy,165
"Through the Wood, Laddie",166
An thou were my ain thing,167
James Thomson (1700-1748),168
Extracts from The Seasons:,
"A Snow Scene, from 'Winter'",173
"The Sheep-washing, from 'Summer'",174
"The Coming of the Rain, from 'Spring'",175
"Storm in Harvest, from 'Autumn'",176
To her I love,178
Extracts from the Castle of Indolence. Book I,178
John Armstrong (1709-1779),183
"Extract from The Art of Preserving Health, Book III",185
Book IV,185
"Taste, an Epistle to a Young Critic",187
William Somerville (1677-1742),189
"Extract from The Chase, Book I",191
Book II,192
Matthew Green (1696-1737),194
Extracts from The Spleen,197
On Barclay's Apology for the Quakers,203
John Dyer (1698?-1758),206
Grongar Hill,210
"Extracts from The Fleece, Book I",214
Robert Blair (1699-1746),217
Extracts from The Grave:,
Self Murder,219
Omnes eodem cogimur,219
The Resurrection,221
Edward Young (1684-1765),222
"Extract from The Last Day, Book I",225
"The Old Coquette (from Satire V, on Women)",225
Extracts from Night Thoughts:,
"Procrastination, from Night I",226
"The Death of Friends, from Night III",228
"Aspiration, from Night IV",228
"The Stream of Life, from Night V",229
John Byrom (1691-1763),230
The Nimmers,233
Careless Content,234
On the Origin of Evil,236
Epigrams,238
Richard Glover (1712-1785),239
"Polydorus and Maron (from Leonidas, Book IX)",241
Ballad of Admiral Hosier's Ghost,242
Samuel Johnson (1709-1784),245
Thales' reasons for leaving London (from London),248
Extracts from The Vanity of Human Wishes:,
The Rise and Fall of Wolsey,249
The True Objects of Desire,250
"Prologue spoken at the opening of the Drury Lane Theatre, 1747",251
Prologue to the Comedy of A Word to the Wise,253
"John Wesley (1703-1791), Charles Wesley (1708-1788)",254
Charles Wesley:,
Christmas Hymn,260
Easter Hymn,261
"Christ, the Refuge of the Soul",262
Christ our Example,264
Wrestling Jacob,265
Catholic Love,267
John Wesley:,
An Hymn for Seriousness,269
William Shenstone (1714-1763),271
Suffering and Sympathy (from The Schoolmistress),273
Pastoral Ballad,274
The Dying Kid,275
Much Taste and Small Estate (from The Progress of Taste),276
William Collins (1721-1759),282
Ode to Liberty,283
Ode,287
Ode to Evening,287
The Passions,289
Ode on the Death of Mr. Thomson,292
An Ode on the Popular Superstitions of the Highlands of Scotland,294
Dirge in Cymbeline,300
Thomas Gray (1716-1771),302
Ode on the Spring,317
Ode on a distant prospect of Eton College,318
Hymn to Adversity,321
The Progress of Poesy,323
The Bard,326
Elegy written in a Country Churchyard,331
Sonnet on the death of Mr. Richard West,335
Sketch of his own Character,335
Impromptu on Lord Holland's Seat at Kingsgate,336
William Whitehead (1715-1785),337
The Enthusiast. An Ode,338
Mark Akenside (1721-1770),341
Extract from The Pleasures of Imagination,345
"On the Winter Solstice, 1740",347
For a Grotto,350
Christopher Smart (1722-1770),351
Extracts from A Song to David,353
William Falconer (1732-1769),362
Extract from The Shipwreck. Canto III,364
Oliver Goldsmith (1728-1774),368
Extract from The Deserted Village,373
Retaliation,380
Stanzas on Woman,381
Thomas Warton (1728-1790),382
Extract from The Triumph of Isis,384
Extract from The First of April,385
Sonnet written in a blank leaf of Dugdale's 'Monasticon',387
To the River Lodon,388
Charles Churchill (1731-1764),389
Description of his Muse (from The Prophecy of Famine),392
Characters of Actors (from The Rosciad),392
Description of Johnson (from The Ghost),394
Charles the First (from Gotham),394
James Beattie (1735-1803),396
"Extract from The Minstrel, Book I",397
Thomas Chatterton (1752-1770),400
An Excellent Ballad of Charity,409
Eclogue the First,412
Eclogue the Third,414
Minstrel's Marriage-Song (from Ælla: a Tragical Interlude),417
The Accounte of W. Canynge's Feast,419
Minstrel's Roundelay (from Ælla),419
William Cowper (1731-1800),422
The Past and Future of Poetry (from Table Talk),434
Grace and the World (from Hope),438
Extracts from Conversation:,
Characters and Sketches,441
An Afternoon Call,446
Extracts from Retirement:,
Dejection and Retirement. The Retired Statesman,447
What to Read,453
A Comparison,454
The Jackdaw,454
Boadicea. An Ode,456
Extracts from the Task:,
Relish of Fair Prospect,457
Crazy Kate. The Gipsies,459
England,461
Autobiographical,462
The Post. The Fireside in Winter,463
Snow,465
Early Love of the Country and of Poetry,467
Meditation in Winter,468
The Poet in the Woods,470
"An Epistle to Joseph Hill, Esq.",471
To the Rev. Mr. Newton,472
On the Loss of the Royal George,473
Epitaph on a Hare,474
On the Death of Mrs. Throckmorton's Bullfinch,475
The Acquiescence of Pure Love,477
On the Receipt of My Mother's Picture,478
The Poplar Field,481
To Mary,482
The Castaway,484
"Scotch Minor Song-Writers, Eighteenth Century",486
Tullochgorum (John Skinner),491
Logie o' Buchan (George Halket),493
Lewie Gordon (Alexander Geddes),494
There's nae Luck about the House (Jean Adams),494
Ca' the Yowes (Isabel Pagan),496
The Flowers of the Forest (Jane Elliot),497
Logan Braes (John Mayne),498
For Lack of Gold (Adam Austin),499
Johnnie Cope (Adam Skirving),499
Robert Fergusson (1750-1774),501
The Daft Days,504
Braid Claith,506
Extract from Caller Water,507
Ode to the Gowdspink,509
Robert Burns (1759-1796),512
Mary Morison,524
"My Nanie, O",524
Green grow the Rashes. A Fragment,525
"The Death and Dying Words of Poor Mailie, the Author's only Pet Yowe",526
"Extract from An Epistle to John Lapraik, an old Scottish Bard",528
"To a Mouse, on turning her up in her Nest with the Plough",529
The Cotter's Saturday Night,531
Address to the Deil,537
Extract from The Holy Fair,541
Epistle to a Young Friend,543
A Bard's Epitaph,546
Extract from The Epistle to Mrs. Scott of Wauchope,547
The Birks of Aberfeldy,548
Of a' the Airts the Wind can Blaw,549
Auld Lang Syne,550
"John Anderson, my Jo",551
Tam Glen,551
The Happy Trio,552
To Mary in Heaven,553
Tam o' Shanter. A Tale,554
The Banks o' Doon,560
Farewell to Nancy,561
Highland Mary,562
Duncan Gray,563
"Whistle, and I'll come to you, my Lad",564
Bannockburn. Robert Bruce's Address to his Army,565
"A Red, Red Rose",566
My Nannie's awa,566
A Man's a Man for a' that,567
Address to the Woodlark,568
This is no my ain Lassie,569
Last May a braw Wooer,570
O wert thou in the Cauld Blast,571
"Caroline Oliphant, Baroness Nairn (1766-1845)",572
Wha'll be King but Charlie,574
The Land o' the Leal,575
Mrs. Barbauld (1743-1825),576
Ode to Spring,578
Life,579
George Crabbe (1754-1832),581
The Village as it is (from The Village),586
Extracts from The Borough:,
The Convict's Dream,587
Strolling Players,589
The Founder of the Almshouse,590
A Storm on the East Coast,591
An Entanglement (from Tales of the Hall),592
William Blake (1757-1827),596
Extracts from Poetical Sketches:,
To the Evening Star,601
Song,601
Song,602
Song,602
Mad Song,603
To the Muses,604
Extracts from Songs of Innocence:,
Introduction,604
The Lamb,605
Night,605
Extracts from Songs of Experience:,
"Ah, Sunflower",607
The Tiger,607
The Angel,608
